Exam_Model,B

ID,__________

Question,Answer
1,BLANK
2,BLANK
3,BLANK
4,BLANK
5,BLANK
6,BLANK
7,BLANK
8,BLANK
9,BLANK
10,BLANK
11,BLANK
12,BLANK
13,BLANK
14,BLANK
15,BLANK
16,BLANK
17,BLANK
18,BLANK
19,BLANK
20,BLANK
21,BLANK
22,BLANK
23,BLANK
24,BLANK
25,BLANK
26,BLANK
27,BLANK
28,BLANK
29,BLANK
30,BLANK
31,BLANK
32,BLANK
33,BLANK
34,BLANK
35,BLANK
36,BLANK
37,BLANK
38,BLANK
39,BLANK
40,BLANK
41,BLANK
42,BLANK
43,BLANK
44,BLANK
45,BLANK
46,BLANK
47,BLANK
48,BLANK
49,BLANK
50,BLANK
51,BLANK
52,BLANK
53,BLANK
54,BLANK
55,BLANK
56,BLANK
57,BLANK
58,BLANK
59,BLANK
60,BLANK
61,BLANK
62,BLANK
63,BLANK
64,BLANK
65,BLANK
66,BLANK
67,BLANK
68,BLANK
69,BLANK
70,BLANK
71,BLANK
72,BLANK
73,BLANK
74,BLANK
75,BLANK
76,BLANK
77,BLANK
78,BLANK
79,BLANK
80,BLANK
81,BLANK
82,BLANK
83,BLANK
84,BLANK
85,BLANK
86,BLANK
87,BLANK
88,BLANK
89,BLANK
90,BLANK
91,BLANK
92,BLANK
93,BLANK
94,BLANK
95,BLANK
96,BLANK
97,BLANK
98,BLANK
99,BLANK
100,BLANK
